day,daily_tweet_count,daily_score
2015-01-01,299,1.425333110367893
2015-01-02,867,0.2681920415224914
2015-01-03,346,0.14252398843930636
2015-01-04,406,0.49863546798029557
2015-01-05,1147,0.15562868352223191
2015-01-06,1190,0.06214512605042018
2015-01-07,1094,0.09783363802559415
2015-01-08,1495,0.21730842809364548
2015-01-09,1122,0.08509367201426024
2015-01-10,351,0.057872079772079775
2015-01-11,300,0.24353733333333333
2015-01-12,942,0.1882411889596603
2015-01-13,1372,0.13506989795918367
2015-01-14,949,0.054699683877766074
2015-01-15,1144,0.005787150349650351
2015-01-16,1158,0.04092901554404145
2015-01-17,326,0.11193834355828221
2015-01-18,258,0.1068686046511628
2015-01-19,434,0.009913133640552995
2015-01-20,951,0.08255268138801262
2015-01-21,1080,0.15888185185185186
2015-01-22,1120,0.06814285714285714
2015-01-23,1224,0.12438905228758171
2015-01-24,323,0.22447027863777091
2015-01-25,403,0.28663424317617864
2015-01-26,1378,0.04124934687953556
2015-01-27,4291,0.3023705663015614
2015-01-28,4293,0.27747735849056604
2015-01-29,1958,0.13197533197139938
2015-01-30,1592,0.07413976130653267
2015-01-31,495,0.12797434343434344
2015-02-01,506,0.16455612648221343
2015-02-02,1087,0.05705206991720331
2015-02-03,1146,0.010846684118673644
2015-02-04,1577,0.06565206087507926
2015-02-05,1136,0.1558643485915493
2015-02-06,982,0.07392219959266802
2015-02-07,392,0.08496071428571429
2015-02-08,294,0.07282482993197278
2015-02-09,942,0.1256604033970276
2015-02-10,2081,0.2129780874579529
2015-02-11,2442,0.48172166257166255
2015-02-12,2058,0.2824228862973761
2015-02-13,1582,0.1388341972187105
2015-02-14,756,0.8255969576719578
2015-02-16,671,0.22846572280178837
2015-02-17,1639,0.1126150701647346
2015-02-18,1209,0.10090628618693136
2015-02-19,1230,0.26585252032520323
2015-02-20,1368,0.032675073099415204
2015-02-21,450,0.09097644444444444
2015-02-22,463,0.23460755939524838
2015-02-23,2097,0.34926666666666667
2015-02-24,1662,0.20145709987966307
2015-02-25,1930,0.08644191709844559
2015-02-26,2386,0.14085880134115675
2015-02-27,1728,0.10534652777777778
2015-02-28,572,0.09238986013986014
2015-03-01,657,0.18290015220700154
2015-03-02,1360,0.1882697794117647
2015-03-03,1345,0.16360312267657992
2015-03-04,1278,-0.09810978090766823
2015-03-05,1756,0.07352277904328018
2015-03-06,1714,0.07419865810968494
2015-03-07,940,0.08175978723404256
2015-03-08,743,0.12103593539703902
2015-03-09,4647,0.3030135140951151
2015-03-10,2497,0.04318910692831398
2015-03-11,1883,0.029531545406266596
2015-03-12,1574,0.10352534942820839
2015-03-13,1278,0.20669859154929576
2015-03-14,705,0.06389617021276596
2015-03-15,809,0.10423473423980223
2015-03-16,1276,0.0417492946708464
2015-03-17,1846,0.06891765980498375
2015-03-18,1490,0.08055657718120805
2015-03-19,1473,0.1059367956551256
2015-03-20,1402,0.05262104136947218
2015-03-21,747,0.06534872824631861
2015-03-22,535,0.07427719626168224
2015-03-23,1158,0.07203583765112263
2015-03-24,1088,0.08382619485294118
2015-03-26,1261,0.09781459159397304
2015-03-27,1052,0.04609106463878327
2015-03-28,669,0.07684529147982062
2015-03-29,568,0.052776936619718315
2015-03-30,1116,0.18292867383512545
2015-03-31,1084,0.14576457564575646
2015-04-01,1117,0.07353965980304386
2015-04-02,1057,0.8671480605487227
2015-04-03,706,0.07013909348441927
2015-04-04,594,0.07909343434343434
2015-04-05,584,0.10766609589041096
2015-04-06,1224,0.12082271241830066
2015-04-07,1239,0.1711944309927361
2015-04-08,1216,0.11292927631578947
2015-04-09,1143,0.14494943132108487
2015-04-10,1574,0.11897045743329097
2015-04-11,506,0.4813300395256917
2015-04-12,479,0.06401858037578288
2015-04-13,1209,0.77533788254756
2015-04-14,1116,0.04791066308243728
2015-04-15,981,0.06495025484199796
2015-04-16,1050,0.08083447619047619
2015-04-17,1151,0.08354622067767159
2015-04-18,461,0.05404859002169198
2015-04-19,379,1.827834300791557
2015-04-20,1116,0.1371086917562724
2015-04-21,525,0.058804
2015-04-22,1042,0.057472264875239924
2015-04-23,1324,0.10720808157099698
2015-04-24,1448,0.3114777624309393
2015-04-25,581,0.11494010327022376
2015-04-26,589,0.3074195246179966
2015-04-27,4489,0.28904528848295835
2015-04-28,3470,0.07670311239193081
2015-04-29,2900,0.041336379310344826
2015-04-30,2345,0.02971628997867804
2015-05-01,1510,0.07990066225165562
2015-05-02,10,0.52389
2015-05-03,885,0.17019152542372884
2015-05-04,1090,0.057243577981651375
2015-05-05,583,-0.11616758147512862
2015-05-06,1317,0.06437152619589977
2015-05-07,1320,0.028970984848484843
2015-05-08,330,0.033963939393939394
2015-05-10,415,0.07169879518072289
2015-05-11,1093,0.08410631290027447
2015-05-12,202,0.045692079207920795
2015-05-13,101,0.019228712871287128
2015-05-14,826,0.09801029055690072
2015-05-15,1048,0.0894736641221374
2015-05-16,652,0.042631134969325156
2015-05-17,650,0.10377230769230769
2015-05-18,1897,0.31952957301001583
2015-05-19,1574,0.07764313850063533
2015-05-20,1222,0.056832815057283145
2015-05-21,1317,0.09995444191343962
2015-05-22,1050,0.16018838095238094
2015-05-23,506,0.053307707509881425
2015-05-24,306,0.09791633986928104
2015-05-25,630,0.0859084126984127
2015-05-26,1687,0.017426200355660938
2015-05-27,1245,0.08913421686746988
2015-05-28,1169,0.06448502994011976
2015-05-29,175,0.11667771428571429
2015-05-30,620,0.21770854838709677
2015-05-31,624,0.04062211538461538
2015-06-01,1025,0.10350156097560975
2015-06-02,1067,0.06344376757263355
2015-06-03,171,0.003712865497076023
2015-06-04,1082,0.05809972273567468
2015-06-05,1033,0.033333688286544046
2015-06-06,307,0.08520586319218239
2015-06-07,477,-0.06891278825995804
2015-06-08,351,-0.022000284900284897
2015-06-09,1876,0.07103837953091685
2015-06-10,1310,0.0023343511450381682
2015-06-11,1119,-0.0006588025022341331
2015-06-12,998,-0.061258116232464924
2015-06-13,306,0.06152908496732026
2015-06-14,657,0.020916894977168955
2015-06-15,1069,0.07250551917680075
2015-06-16,960,0.03710364583333334
2015-06-17,829,-0.12240325693606754
2015-06-18,1080,0.09495148148148148
2015-06-19,881,0.014652213393870597
2015-06-20,520,0.032679230769230766
2015-06-21,522,0.2010088122605364
2015-06-22,1180,0.21886601694915256
2015-06-23,1059,0.0670900849858357
2015-06-24,1435,0.4501470383275261
2015-06-25,1020,0.11513
2015-06-26,867,0.045110726643598616
2015-06-27,496,0.08055141129032257
2015-06-28,619,0.01374458804523425
2015-06-29,1036,0.026309942084942084
2015-06-30,1112,0.12766312949640288
2015-07-01,882,0.03614376417233559
2015-07-02,656,0.03588673780487805
2015-07-03,487,0.07173921971252566
2015-07-04,397,0.12132972292191437
2015-07-05,240,-0.11760916666666668
2015-07-06,530,0.05536735849056604
2015-07-08,979,-0.01536956077630235
2015-07-09,1559,-0.09463110968569596
2015-07-10,1419,0.13244207188160678
2015-07-11,573,0.025118324607329844
2015-07-12,582,0.411486941580756
2015-07-13,1006,0.32666451292246523
2015-07-14,942,0.18776210191082804
2015-07-15,1055,0.08659981042654029
2015-07-16,1032,0.016312984496124033
2015-07-17,876,0.14018253424657534
2015-07-18,357,0.4324868347338936
2015-07-19,356,0.11316853932584271
2015-07-20,1385,0.1317641155234657
2015-07-21,4255,0.2586266039952997
2015-07-22,3252,0.0642730319803198
2015-07-23,1632,0.08762916666666667
2015-07-24,938,0.12168294243070364
2015-07-25,519,0.042117533718689794
2015-07-26,213,0.16681267605633804
2015-07-27,538,0.08123215613382899
2015-07-28,939,0.062560809371672
2015-07-29,449,0.06872472160356348
2015-07-30,1599,0.015290619136960601
2015-07-31,1423,0.04421307097680956
2015-08-01,496,0.20539274193548387
2015-08-02,573,0.08891012216404887
2015-08-03,1624,0.026537068965517243
2015-08-04,2841,0.016763287574797607
2015-08-05,2216,0.03343334837545126
2015-08-06,1595,0.1125275235109718
2015-08-07,1276,0.08259600313479623
2015-08-08,442,0.03297782805429864
2015-08-09,266,0.0913484962406015
2015-08-10,365,0.21582520547945203
2015-08-11,1506,0.0645359229747676
2015-08-12,1772,0.15425158013544019
2015-08-13,1195,0.06357305439330545
2015-08-14,988,0.08300010121457489
2015-08-15,561,0.1293668449197861
2015-08-16,260,0.3016969230769231
2015-08-17,920,0.15083119565217393
2015-08-18,651,0.05751090629800307
2015-08-19,824,0.023802548543689322
2015-08-20,938,0.02050746268656716
2015-08-21,970,-0.0090738144329897
2015-08-23,328,0.09749908536585367
2015-08-24,2801,0.0847166012138522
2015-08-25,1611,0.1895425822470515
2015-08-26,1450,0.02939144827586207
2015-08-27,1488,0.05705893817204301
2015-08-28,1220,-0.04057270491803279
2015-08-29,511,0.0421637964774951
2015-08-30,537,-0.011224394785847297
2015-08-31,1107,0.10381978319783197
2015-09-01,1061,0.08829208294062205
2015-09-02,1044,0.15885229885057472
2015-09-03,935,0.06343625668449197
2015-09-04,914,-0.061769912472647695
2015-09-05,307,0.15306677524429968
2015-09-06,276,-0.016726449275362317
2015-09-07,364,0.031145604395604393
2015-09-08,1205,0.036469377593360996
2015-09-09,3693,0.2112240184132142
2015-09-10,1736,0.026459677419354836
2015-09-11,1189,0.7106138772077377
2015-09-12,470,0.2461048936170213
2015-09-13,291,0.19640515463917527
2015-09-14,87,0.013813793103448276
2015-09-15,998,0.055715130260521044
2015-09-16,930,0.16687182795698924
2015-09-17,1192,-0.007121979865771817
2015-09-18,1110,0.20430216216216218
2015-09-19,579,0.12086183074265976
2015-09-20,384,0.05049140625
2015-09-21,1262,0.0422013470681458
2015-09-22,1067,0.04166373008434864
2015-09-23,945,0.08483291005291006
2015-09-24,1032,0.07022625968992248
2015-09-25,1179,0.08057506361323155
2015-09-26,459,0.048793681917211326
2015-09-27,650,-0.030670153846153857
2015-09-28,1337,0.07593470456245326
2015-09-29,1454,0.03851100412654746
2015-09-30,1117,0.08298728737690242
2015-10-01,1218,0.03656535303776683
2015-10-02,1135,-0.014620352422907486
2015-10-03,330,0.27012
2015-10-04,287,0.2273623693379791
2015-10-05,1035,0.2701389371980677
2015-10-06,955,0.030067434554973824
2015-10-07,1050,0.058367142857142854
2015-10-08,1054,0.04294098671726755
2015-10-09,1073,0.0210901211556384
2015-10-10,290,0.13294655172413794
2015-10-12,785,0.030731974522292996
2015-10-13,717,0.03499902370990236
2015-10-14,1063,-0.06991269990592663
2015-10-15,1033,0.07799235237173283
2015-10-16,759,0.005538735177865612
2015-10-17,308,0.29355194805194806
2015-10-18,371,0.11210404312668464
2015-10-19,727,0.03697592847317745
2015-10-20,1230,0.04741731707317072
2015-10-21,857,0.1322091015169195
2015-10-22,797,0.11170552070263488
2015-10-23,985,0.28412365482233504
2015-10-24,497,0.10888068410462776
2015-10-25,491,0.24630957230142567
2015-10-26,1378,0.03696719883889695
2015-10-27,3180,0.35632720125786166
2015-10-28,2332,0.2110056174957118
2015-10-29,1298,0.33565300462249614
2015-10-30,844,0.264204028436019
2015-10-31,326,0.264128527607362
2015-11-01,332,0.0303644578313253
2015-11-02,693,0.06584487734487736
2015-11-03,894,0.12896532438478747
2015-11-04,670,0.16700432835820894
2015-11-05,643,0.1000244167962675
2015-11-06,649,0.15670077041602465
2015-11-07,296,0.06234324324324324
2015-11-08,310,0.04720870967741936
2015-11-09,111,0.07084594594594594
2015-11-10,1275,0.060031372549019614
2015-11-11,1129,0.03078706820194863
2015-11-12,854,0.07188419203747072
2015-11-13,823,-0.00602976913730255
2015-11-14,311,0.053028617363344056
2015-11-15,234,0.13447478632478632
2015-11-16,805,0.05540534161490684
2015-11-17,691,0.049613458755426915
2015-11-18,1168,0.14488133561643834
2015-11-19,888,0.1339113738738739
2015-11-20,820,0.1860759756097561
2015-11-21,316,0.10867784810126584
2015-11-22,326,0.12331840490797545
2015-11-23,716,0.13050293296089385
2015-11-24,831,0.12098941034897714
2015-11-25,594,0.16772676767676767
2015-11-26,414,0.14731521739130435
2015-11-27,511,0.08867358121330725
2015-11-28,324,0.14499135802469135
2015-11-29,349,0.29829598853868194
2015-11-30,777,0.15881673101673102
2015-12-01,720,0.0797448611111111
2015-12-02,984,0.04884034552845529
2015-12-03,809,0.17691112484548827
2015-12-04,797,0.18134040150564618
2015-12-05,414,0.22171714975845408
2015-12-06,297,-0.08147003367003369
2015-12-07,599,0.08035943238731219
2015-12-08,723,0.12311908713692947
2015-12-09,744,0.12658104838709677
2015-12-10,834,0.22579676258992806
2015-12-11,902,0.08369157427937916
2015-12-12,369,0.1080609756097561
2015-12-13,357,0.266212324929972
2015-12-14,951,0.03233554153522608
2015-12-15,891,0.05633950617283951
2015-12-17,912,0.07861173245614035
2015-12-18,1129,0.03694464127546501
2015-12-19,331,0.15028882175226588
2015-12-20,331,0.18504199395770393
2015-12-21,1093,0.12647483989021044
2015-12-22,872,0.07355848623853212
2015-12-23,864,0.10182615740740741
2015-12-24,478,0.17598430962343095
2015-12-25,237,0.38084177215189874
2015-12-26,267,0.1650243445692884
2015-12-27,332,0.22019518072289157
2015-12-28,742,0.14786617250673856
2015-12-29,884,0.12819309954751132
2015-12-30,785,0.08963019108280255
2015-12-31,923,0.09151310942578549
2016-01-01,417,0.23437889688249403
2016-01-02,390,0.07378435897435898
2016-01-03,411,0.19236447688564476
2016-01-04,1218,0.18727339901477832
2016-01-05,1186,0.2756719224283305
2016-01-06,1820,0.05017758241758242
2016-01-07,2000,0.04417365
2016-01-08,1620,0.022747098765432096
2016-01-09,501,0.23966287425149702
2016-01-10,471,0.1339443736730361
2016-01-11,1165,0.015065836909871245
2016-01-12,1030,-0.6548916504854368
2016-01-13,1129,0.1149808680248007
2016-01-14,987,-0.0647869300911854
2016-01-15,1112,0.0147169964028777
2016-01-16,373,0.14519088471849864
2016-01-17,350,0.31451914285714283
2016-01-18,517,0.13434990328820115
2016-01-19,905,0.10174099447513811
2016-01-20,1252,0.04024640575079872
2016-01-21,839,0.061654231227651964
2016-01-22,1184,0.11828614864864866
2016-01-23,386,0.08958082901554405
2016-01-24,376,0.061706382978723405
2016-01-25,994,0.14284094567404426
2016-01-26,1890,0.2710456084656085
2016-01-27,3201,0.09279762574195564
2016-01-28,1468,0.05106069482288828
2016-01-29,1274,0.3030675824175824
2016-01-30,739,0.06059296346414074
2016-01-31,406,-0.0410512315270936
2016-02-01,1014,0.38749674556213015
2016-02-02,961,0.2994140478668054
2016-02-03,932,0.2814752145922747
2016-02-04,789,0.24550735107731306
2016-02-05,726,0.10839407713498624
2016-02-06,303,-0.09214158415841583
2016-02-07,295,0.17664000000000002
2016-02-08,862,0.19524733178654294
2016-02-09,1136,-0.007644190140845072
2016-02-10,896,0.12047176339285715
2016-02-11,1002,0.02401546906187625
2016-02-12,1144,0.03952395104895105
2016-02-13,625,0.020351519999999998
2016-02-14,443,0.10242686230248306
2016-02-15,796,0.015147864321608043
2016-02-16,1482,0.1012910931174089
2016-02-17,2015,0.05885096774193548
2016-02-18,2373,0.04437914032869785
2016-02-19,783,-0.14455351213282247
2016-02-20,1149,-0.0007785900783289825
2016-02-21,575,0.07398139130434782
2016-02-22,1899,-0.003613006845708264
2016-02-23,1796,-0.06184888641425389
2016-02-24,1626,-0.015825092250922504
2016-02-25,2092,0.06191658699808795
2016-02-26,1893,0.042610618066561017
2016-02-27,689,0.044260522496371565
2016-02-28,435,0.03617402298850575
2016-02-29,1160,0.09784974137931035
2016-03-01,1961,0.018872004079551252
2016-03-02,1407,-0.4068144989339019
2016-03-03,1595,0.0922825078369906
2016-03-04,1426,0.03999123422159888
2016-03-05,537,0.09070558659217877
2016-03-06,439,0.024175170842824605
2016-03-07,1398,-0.005204005722460659
2016-03-08,1380,0.08748260869565218
2016-03-09,992,-0.0004943548387096777
2016-03-10,1375,0.008956436363636367
2016-03-11,1483,0.0020080242751180045
2016-03-12,401,0.1763785536159601
2016-03-13,298,0.09139362416107383
2016-03-14,1038,0.05916271676300579
2016-03-15,1356,0.08629491150442478
2016-03-16,1422,0.09695738396624473
2016-03-17,1601,-0.020309494066208626
2016-03-18,1202,0.0811688019966722
2016-03-19,437,0.21218558352402744
2016-03-20,486,0.09053497942386832
2016-03-21,4037,0.046321129551647265
2016-03-22,2830,0.06030328621908127
2016-03-23,1653,0.07650199637023594
2016-03-24,1544,0.055469300518134715
2016-03-25,830,0.14946361445783132
2016-03-26,372,0.35292284946236563
2016-03-27,365,0.4617830136986302
2016-03-28,1440,0.11131166666666666
2016-03-29,1767,0.02111007357102434
2016-03-30,1890,0.09035645502645503
2016-03-31,1540,0.11472863636363638
2016-04-01,1338,0.16989237668161436
2016-04-02,379,0.0959778364116095
2016-04-03,361,0.03438005540166205
2016-04-04,1337,0.10316222887060583
2016-04-05,1174,0.07342274275979557
2016-04-06,1271,0.055414634146341464
2016-04-07,1289,-0.025445384018619087
2016-04-08,1236,0.06978826860841425
2016-04-09,382,0.11989162303664921
2016-04-10,336,0.045094940476190476
2016-04-11,942,0.1548012738853503
2016-04-12,1121,0.04425798394290812
2016-04-13,1196,0.0647103678929766
2016-04-14,1207,0.07740182270091135
2016-04-15,1777,0.03249155880697805
2016-04-16,523,0.10744894837476099
2016-04-17,334,0.17092904191616767
2016-04-18,1423,0.04418460997891778
2016-04-19,1768,0.04198783936651584
2016-04-20,1278,0.043761424100156494
2016-04-21,1143,0.047806911636045495
2016-04-22,1386,-0.0535948051948052
2016-04-23,578,0.0304446366782007
2016-04-24,389,0.5599339331619537
2016-04-25,1283,-0.05726944660950898
2016-04-26,1635,0.12828948012232416
2016-04-27,4262,0.1839454950727358
2016-04-28,2777,0.04279016924738927
2016-04-29,1973,0.31423066396350735
2016-04-30,551,0.1324896551724138
2016-05-01,387,0.019852971576227393
2016-05-02,1459,0.0705659355723098
2016-05-03,2087,0.10315630091039771
2016-05-04,1666,0.00688883553421368
2016-05-05,1568,-0.05391071428571428
2016-05-06,1811,0.03420800662617338
2016-05-07,401,-0.01753491271820449
2016-05-08,378,0.2012484126984127
2016-05-09,1025,0.015776878048780498
2016-05-10,1296,0.07431512345679012
2016-05-11,1226,0.07882194127243067
2016-05-12,2315,0.0414207343412527
2016-05-13,668,0.07110404191616766
2016-05-14,461,0.03389305856832972
2016-05-15,280,0.09038892857142859
2016-05-16,3074,0.19123516590761222
2016-05-17,1774,-0.1972759301014656
2016-05-18,1563,0.09398246960972488
2016-05-19,1381,0.08346973207820421
2016-05-20,1361,0.04794217487141808
2016-05-21,597,0.03515494137353434
2016-05-22,394,0.1389238578680203
2016-05-23,1387,0.15024160057678443
2016-05-24,1591,0.06945021998742928
2016-05-25,1706,0.06986987104337632
2016-05-26,1575,0.10348469841269842
2016-05-27,1071,0.09034705882352942
2016-05-28,192,0.287046875
2016-05-29,156,0.5095820512820513
2016-05-30,759,0.09888300395256917
2016-05-31,1083,0.18482391505078485
2016-06-01,1126,0.10417397868561279
2016-06-02,1543,0.02804672715489307
2016-06-03,1073,0.10032050326188256
2016-06-04,252,0.08084523809523808
2016-06-05,260,0.1549076923076923
2016-06-06,826,0.052107748184019365
2016-06-07,503,0.035345328031809155
2016-06-08,1064,0.0325078007518797
2016-06-09,1279,0.13422759968725567
2016-06-10,1441,0.15580333102012492
2016-06-11,442,0.01794547511312217
2016-06-12,340,0.19566088235294116
2016-06-13,2805,0.10632292335115864
2016-06-14,2839,0.023477527298344486
2016-06-15,1371,0.04625426695842451
2016-06-16,832,0.10918762019230768
2016-06-17,1164,-0.01816202749140893
2016-06-18,861,0.03646202090592335
2016-06-19,596,0.03965956375838926
2016-06-20,1325,0.10208837735849056
2016-06-21,1289,0.05770892164468581
2016-06-22,1095,-0.05438109589041095
2016-06-23,761,0.05212247043363995
2016-06-24,1010,0.03973891089108911
2016-06-25,284,0.11529823943661972
2016-06-26,218,0.5316532110091743
2016-06-27,845,0.0062398816568047365
2016-06-28,840,0.11697761904761905
2016-06-29,744,0.17350752688172044
2016-06-30,826,0.002007384987893457
2016-07-01,1181,-0.01647781541066893
2016-07-02,44,-0.6952590909090909
2016-07-03,253,-0.13629486166007906
2016-07-04,426,-0.07891737089201879
2016-07-05,889,-0.057374465691788536
2016-07-06,780,-0.02616538461538462
2016-07-07,764,0.03801688481675392
2016-07-08,788,0.09851332487309646
2016-07-09,267,0.028441198501872655
2016-07-10,208,0.06096153846153846
2016-07-11,763,0.06743381389252949
2016-07-12,838,0.10322625298329355
2016-07-13,512,0.113445703125
2016-07-14,1294,0.0374661514683153
2016-07-15,777,0.058668983268983274
2016-07-16,303,-0.15774653465346541
2016-07-17,197,0.14128020304568528
2016-07-18,1254,0.06564960127591707
2016-07-19,888,0.0994847972972973
2016-07-20,1002,0.003601896207584822
2016-07-21,1210,0.04556223140495868
2016-07-22,946,0.05048974630021142
2016-07-23,453,0.09672671081677704
2016-07-24,540,-0.0362925925925926
2016-07-25,1333,0.07326624156039009
2016-07-26,3386,0.14064660366213821
2016-07-27,2992,0.12904221256684492
2016-07-28,1956,0.0993737218813906
2016-07-29,46,-0.0013000000000000004
2016-07-30,478,0.061080125523012556
2016-07-31,80,0.5571312500000001
2016-08-01,1206,0.34410165837479273
2016-08-02,1399,0.04448670478913509
2016-08-03,777,0.07349202059202059
2016-08-04,1454,0.09790261348005502
2016-08-05,1351,-0.016744929681717258
2016-08-06,434,0.26504700460829494
2016-08-07,407,0.4947813267813268
2016-08-08,1492,0.16120462466487936
2016-08-09,1340,0.03590440298507463
2016-08-10,1510,-0.05649701986754966
2016-08-11,1257,0.07704685759745426
2016-08-12,800,0.08501225
2016-08-13,409,0.06496234718826405
2016-08-14,445,0.08390404494382023
2016-08-15,1958,0.16416251276813076
2016-08-16,1725,0.14320104347826088
2016-08-17,1438,-0.0009102225312934622
2016-08-18,984,0.022471341463414635
2016-08-19,1240,-0.05886193548387097
2016-08-20,486,0.005349588477366255
2016-08-21,427,0.005427634660421546
2016-08-22,1183,0.05374590025359256
2016-08-23,1065,0.05241192488262911
2016-08-24,1096,0.026676916058394156
2016-08-25,1604,0.09637524937655861
2016-08-26,1641,0.043954357099329676
2016-08-27,609,-0.039593596059113306
2016-08-28,500,0.1342402
2016-08-29,1989,0.03196902966314731
2016-08-30,4026,-0.14089836065573771
2016-08-31,1809,0.0636901603095633
2016-09-01,2119,0.10494039641340254
2016-09-02,1757,0.042946841206602165
2016-09-03,686,-0.04436880466472303
2016-09-04,610,0.09587573770491803
2016-09-05,946,0.08043541226215645
2016-09-06,1736,0.04370293778801844
2016-09-07,5038,0.1605214966256451
2016-09-08,3085,0.19395539708265802
2016-09-09,4518,0.016268437361664452
2016-09-10,807,0.033477819083023545
2016-09-11,667,0.03052608695652174
2016-09-12,1786,0.0391479843225084
2016-09-13,2559,0.122458108636186
2016-09-14,3375,0.2292558814814815
2016-09-15,3270,0.19108168195718653
2016-09-16,2776,0.08708620317002883
2016-09-17,740,0.12409783783783784
2016-09-18,595,0.20046823529411767
2016-09-19,1777,0.0944389983117614
2016-09-20,1640,0.06098621951219512
2016-09-21,1789,0.14131889323644495
2016-09-22,1389,0.07896781857451404
2016-09-23,1689,0.043256009473060984
2016-09-24,545,0.03951816513761468
2016-09-25,473,0.005505073995771679
2016-09-26,1322,0.05334621785173979
2016-09-27,1014,0.12811617357001973
2016-09-28,1348,0.07426379821958458
2016-09-29,1532,0.07746892950391646
2016-09-30,991,0.17772169525731585
2016-10-01,571,0.06794798598949212
2016-10-02,413,0.07462784503631961
2016-10-03,947,0.08668627243928194
2016-10-04,1087,0.08318767249310027
2016-10-05,927,0.10182211434735708
2016-10-06,937,0.16650277481323372
2016-10-07,763,0.11654102228047182
2016-10-08,244,-0.062240983606557373
2016-10-09,264,0.05249128787878788
2016-10-10,931,0.11333780880773361
2016-10-11,1442,0.2336925797503467
2016-10-12,1166,0.10806655231560892
2016-10-13,904,0.07920011061946904
2016-10-14,807,0.1685747211895911
2016-10-15,424,0.023214150943396232
2016-10-16,312,0.10080288461538461
2016-10-17,1122,0.04042843137254902
2016-10-18,1119,0.02051849865951743
2016-10-19,1034,0.043104642166344284
2016-10-20,763,0.057575098296199216
2016-10-21,803,0.025012951432129515
2016-10-22,439,0.5776006833712984
2016-10-23,479,0.12898643006263047
2016-10-24,1221,0.13005872235872237
2016-10-25,3447,0.11700635335073978
2016-10-26,3150,-0.021953301587301587
2016-10-27,2547,0.05787777777777777
2016-10-28,1690,0.055761952662721895
2016-10-29,522,0.03512911877394636
2016-10-30,464,0.33806853448275864
2016-10-31,1386,0.03663246753246753
2016-11-01,1184,0.04718842905405405
2016-11-02,1141,0.05120035056967572
2016-11-03,1030,0.0922268932038835
2016-11-04,910,0.0889278021978022
2016-11-05,319,0.19643260188087774
2016-11-06,275,0.3498585454545455
2016-11-07,1118,0.09116708407871198
2016-11-08,898,0.08736336302895323
2016-11-09,987,0.09171408308004053
2016-11-10,1028,0.10557898832684826
2016-11-11,326,0.045351840490797546
2016-11-12,420,0.2898983333333333
2016-11-13,346,0.10394248554913295
2016-11-14,1020,0.13634323529411765
2016-11-15,1215,0.03210164609053498
2016-11-16,1097,0.12055715587967182
2016-11-17,1017,0.09935929203539823
2016-11-18,1064,0.054244266917293234
2016-11-19,498,0.016689156626506024
2016-11-20,406,0.16360714285714284
2016-11-21,1294,0.04754984544049459
2016-11-22,961,0.041914464099895944
2016-11-23,849,0.12189163722025913
2016-11-24,539,0.06656549165120593
2016-11-25,726,0.22756129476584022
2016-11-26,362,0.12732127071823204
2016-11-27,354,0.18041440677966103
2016-11-28,1025,0.672985756097561
2016-11-29,967,0.0892066184074457
2016-11-30,811,0.12493945745992602
2016-12-01,1035,0.06104888888888889
2016-12-02,889,0.03305781777277841
2016-12-03,544,0.05968768382352942
2016-12-04,375,0.11921066666666667
2016-12-05,741,0.07984062078272604
2016-12-06,1126,0.1346873001776199
2016-12-07,1574,0.06326804320203304
2016-12-08,1409,0.07484882895670689
2016-12-09,1128,0.48951826241134755
2016-12-10,486,0.10878827160493827
2016-12-11,381,0.1252034120734908
2016-12-12,710,0.05518802816901408
2016-12-13,1588,0.1552802267002519
2016-12-14,1239,0.14741404358353513
2016-12-15,1029,0.16038357628765793
2016-12-16,866,0.1452285219399538
2016-12-17,397,0.15888136020151133
2016-12-18,311,0.3424295819935691
2016-12-19,830,0.14178253012048192
2016-12-20,927,0.12807594390507013
2016-12-21,946,0.11953287526427062
2016-12-22,922,0.20423937093275488
2016-12-23,554,-0.04892960288808666
2016-12-24,260,0.15362076923076923
2016-12-25,183,0.2510245901639344
2016-12-26,510,0.08141078431372549
2016-12-27,720,-0.3642690277777777
2016-12-28,758,0.17207902374670186
2016-12-29,732,0.06176051912568306
2016-12-30,868,0.11229158986175115
2016-12-31,408,0.0449375
2017-01-01,312,0.24042820512820512
2017-01-02,483,0.1631223602484472
2017-01-03,759,0.11795836627140975
2017-01-04,871,0.23846314580941447
2017-01-05,1119,0.04991072386058981
2017-01-06,1134,0.18577839506172839
2017-01-07,655,0.12537389312977099
2017-01-08,426,0.0706093896713615
2017-01-09,1301,0.37748601076095306
2017-01-10,1271,-0.29742903225806455
2017-01-11,1183,0.11351808960270499
2017-01-12,1129,0.06865810451727192
2017-01-13,1021,0.05649529872673849
2017-01-14,324,0.21142623456790122
2017-01-15,423,0.2502033096926714
2017-01-16,455,0.11542769230769231
2017-01-17,1006,0.18995974155069584
2017-01-18,879,0.1384117178612059
2017-01-19,942,0.05425042462845011
2017-01-20,592,0.15042043918918918
2017-01-21,457,0.12616061269146608
2017-01-22,659,0.10986646433990896
2017-01-23,909,0.057650385038503844
2017-01-24,1001,0.07372767232767233
2017-01-25,1287,0.19452836052836053
2017-01-26,950,0.027961578947368417
2017-01-27,754,0.09906392572944296
2017-01-28,410,0.15094243902439025
2017-01-29,46,1.1139108695652176
2017-01-30,1082,0.11724944547134936
2017-01-31,2730,0.3871946153846154
2017-02-01,3451,0.20628626485076787
2017-02-02,1353,0.1272237989652624
2017-02-03,1193,0.0636376362112322
2017-02-04,399,0.1822624060150376
2017-02-05,467,0.07654004282655247
2017-02-06,893,0.12229910414333706
2017-02-07,1199,0.09601551292743953
2017-02-08,1141,0.21703689745836985
2017-02-09,862,0.5651533642691415
2017-02-10,928,0.035929418103448275
2017-02-11,313,0.15709361022364215
2017-02-12,295,0.25367627118644065
2017-02-13,1426,0.16682868162692846
2017-02-14,1640,0.22410920731707318
2017-02-15,1240,0.2052008870967742
2017-02-16,980,0.13578642857142856
2017-02-17,765,0.125140522875817
2017-02-18,442,0.1860052036199095
2017-02-19,374,0.005554812834224584
2017-02-20,602,0.15602857142857143
2017-02-21,874,0.08292677345537756
2017-02-22,534,0.6857569288389513
2017-02-23,826,0.10060460048426151
2017-02-24,848,0.061547759433962256
2017-02-25,387,0.15165038759689922
2017-02-26,239,0.3243715481171548
2017-02-27,1193,0.2152940486169321
2017-02-28,1031,0.1564556741028128
2017-03-01,979,0.1807555669050051
2017-03-02,804,0.1690058457711443
2017-03-03,762,0.09553503937007873
2017-03-04,270,0.15393074074074073
2017-03-05,339,0.2932439528023599
2017-03-06,774,0.10754198966408268
2017-03-07,815,0.04800993865030674
2017-03-08,715,0.0148676923076923
2017-03-09,557,0.810905026929982
2017-03-10,456,-0.06898552631578948
2017-03-11,207,0.18649178743961353
2017-03-12,190,0.2619721052631579
2017-03-13,12,0.7458333333333332
2017-03-14,422,0.25875663507109004
2017-03-15,615,0.30210894308943087
2017-03-16,642,0.24371978193146415
2017-03-17,628,0.13813821656050956
2017-03-18,315,0.2026552380952381
2017-03-19,251,0.2036362549800797
2017-03-20,693,0.2636207792207792
2017-03-21,1302,0.16858448540706605
2017-03-22,872,0.14216490825688072
2017-03-23,553,0.10575280289330923
2017-03-24,595,-1.5202250420168066
2017-03-25,143,0.06206503496503496
2017-03-26,175,0.19321714285714287
2017-03-27,535,0.5793633644859812
2017-03-28,27,-0.004729629629629623
2017-03-29,728,0.17924615384615383
2017-03-30,561,-1.3790882352941176
2017-03-31,515,0.30317747572815534
2017-04-01,234,0.8398388888888889
2017-04-02,224,0.3387397321428572
2017-04-03,626,0.24135335463258786
2017-04-04,636,0.14875880503144653
2017-04-05,602,0.8517230897009966
2017-04-06,490,0.6670779591836735
2017-04-07,429,0.29122027972027975
2017-04-08,189,0.26570158730158727
2017-04-09,155,0.05766322580645162
2017-04-10,52,0.07574423076923077
2017-04-11,664,0.0473394578313253
2017-04-12,453,0.13153995584988962
2017-04-13,621,0.11419210950080516
2017-04-14,393,0.07896005089058525
2017-04-15,195,0.14300000000000002
2017-04-16,143,0.3137118881118881
2017-04-17,413,0.2262266343825666
2017-04-18,533,0.12501181988742963
2017-04-19,521,0.07308368522072936
2017-04-20,517,0.2982537717601548
2017-04-21,454,0.2829398678414097
2017-04-22,184,0.49314239130434784
2017-04-23,178,0.17620617977528089
2017-04-24,402,0.14756243781094527
2017-04-25,526,0.23110722433460076
2017-04-26,548,0.23930401459854014
2017-04-27,442,0.35664909502262443
2017-04-28,627,0.1706524720893142
2017-04-29,232,0.2598866379310345
2017-04-30,255,0.32872235294117647
2017-05-01,953,0.4223523609653725
2017-05-02,1361,-0.0014831006612784775
2017-05-03,1684,0.3066836698337292
2017-05-04,711,0.2875434599156118
2017-05-05,748,0.17870494652406418
2017-05-06,274,0.06959781021897811
2017-05-07,238,0.5789441176470589
2017-05-08,1262,0.5227179873217116
2017-05-09,896,0.1325859375
2017-05-10,693,0.13732193362193362
2017-05-11,571,0.2320676007005254
2017-05-12,820,0.2534717073170732
2017-05-13,277,0.2523638989169675
2017-05-14,223,0.9048681614349776
2017-05-15,566,-0.08625265017667842
2017-05-16,545,0.1289119266055046
2017-05-17,842,-0.01891342042755345
2017-05-18,534,0.10125692883895132
2017-05-19,441,1.832201814058957
2017-05-20,209,-0.4413799043062201
2017-05-21,195,0.3591820512820513
2017-05-22,529,0.2849429111531191
2017-05-23,545,0.22274311926605503
2017-05-24,527,0.09282068311195447
2017-05-25,365,0.15175917808219178
2017-05-26,481,0.169627027027027
2017-05-27,231,0.2975670995670996
2017-05-28,139,0.27930647482014387
2017-05-29,230,0.4564073913043478
2017-05-30,477,0.25202348008385744
2017-05-31,456,0.3323949561403509
2017-06-01,476,0.8118752100840335
2017-06-02,553,0.4055235081374322
2017-06-03,220,0.3164177272727273
2017-06-04,213,0.5249079812206573
2017-06-05,1412,0.1760743626062323
2017-06-06,1042,0.1586510556621881
2017-06-07,618,0.2735197411003236
2017-06-08,467,0.18387858672376875
2017-06-09,880,-0.028772613636363638
2017-06-10,298,0.16891040268456375
2017-06-11,257,0.05043385214007781
2017-06-12,1105,0.03313846153846154
2017-06-13,779,0.22477175866495508
2017-06-14,615,0.24318357723577233
2017-06-15,750,0.11666306666666668
2017-06-16,539,0.08335250463821893
2017-06-17,208,0.42271346153846157
2017-06-18,205,0.013826341463414646
2017-06-19,673,0.32137176820208024
2017-06-20,410,0.14137146341463414
2017-06-21,576,-0.006472222222222224
2017-06-22,496,0.0913125
2017-06-23,518,0.5734330115830115
2017-06-24,269,0.20334312267657992
2017-06-25,206,0.1927645631067961
2017-06-26,547,0.12699433272394883
2017-06-27,626,0.10192316293929712
2017-06-28,463,0.2624941684665227
2017-06-29,649,0.14597041602465333
2017-06-30,443,0.34192573363431156
2017-07-01,231,0.2806926406926407
2017-07-02,214,0.2634873831775701
2017-07-03,468,0.15224679487179485
2017-07-04,487,0.2145464065708419
2017-07-05,455,0.17923604395604395
2017-07-06,625,0.07583408000000001
2017-07-07,565,0.6827916814159293
2017-07-08,238,0.19366932773109247
2017-07-09,238,0.46874915966386554
2017-07-10,509,0.3185880157170924
2017-07-11,281,0.18574519572953738
2017-07-12,690,0.19132391304347826
2017-07-13,633,0.11495466034755135
2017-07-14,484,0.20014111570247936
2017-07-15,278,0.3003913669064748
2017-07-16,238,0.4331823529411765
2017-07-17,555,0.3440727927927928
2017-07-18,542,0.14688948339483393
2017-07-19,771,0.51688728923476
2017-07-20,599,0.5096113522537563
2017-07-21,473,0.6396957716701903
2017-07-22,271,0.3513730627306273
2017-07-23,188,0.34843297872340423
2017-07-24,522,0.24533103448275864
2017-07-25,649,0.4562781201848999
2017-07-26,575,0.1675775652173913
2017-07-27,733,0.22519754433833564
2017-07-28,542,0.17995977859778597
2017-07-29,307,0.2547156351791531
2017-07-30,271,1.1075291512915129
2017-07-31,625,0.26623248
2017-08-01,2353,0.41119366765830856
2017-08-02,2148,0.3656768156424581
2017-08-03,745,0.2592864429530201
2017-08-04,541,1.2112728280961182
2017-08-05,266,0.26112293233082706
2017-08-06,291,0.15108556701030926
2017-08-07,596,0.19105570469798655
2017-08-08,797,0.1984095357590966
2017-08-09,1165,0.3652624892703863
2017-08-10,873,0.31464513172966785
2017-08-11,617,0.4647964343598055
2017-08-12,254,0.4411263779527559
2017-08-13,281,0.3708494661921708
2017-08-14,423,0.18370921985815603
2017-08-15,875,-0.1499902857142857
2017-08-16,786,0.19976145038167936
2017-08-17,675,0.14370296296296295
2017-08-18,587,0.8026945485519592
2017-08-19,271,0.2564435424354244
2017-08-20,211,0.6160630331753555
2017-08-21,537,0.19140800744878955
2017-08-22,656,0.5168041158536586
2017-08-23,666,0.18217627627627628
2017-08-24,644,0.16265357142857143
2017-08-25,563,0.3794033747779751
2017-08-26,260,0.22994884615384614
2017-08-27,236,0.6172733050847456
2017-08-28,574,0.24922909407665506
2017-08-29,1396,0.24079090257879654
2017-08-30,951,0.22789831756046264
2017-08-31,704,0.29472031249999997
2017-09-01,669,0.18706726457399103
2017-09-02,267,0.40527078651685394
2017-09-03,228,0.3667688596491228
2017-09-04,296,0.6062635135135135
2017-09-05,720,0.1404409722222222
2017-09-06,636,0.19342484276729557
2017-09-07,655,0.07418076335877863
2017-09-08,7,0.12692857142857142
2017-09-09,34,0.009485294117647059
2017-09-10,401,0.1470359102244389
2017-09-11,982,0.4509961303462322
2017-09-12,1795,0.15792640668523678
2017-09-13,421,0.3148731591448931
2017-09-14,1146,0.11490986038394416
2017-09-15,1112,0.10133938848920863
2017-09-16,512,0.074427734375
2017-09-17,263,0.07375627376425856
2017-09-18,770,0.27276883116883116
2017-09-19,877,0.11041505131128847
2017-09-20,1225,0.08121167346938776
2017-09-21,859,0.03680977881257275
2017-09-22,775,0.09593535483870967
2017-09-23,390,0.11447666666666666
2017-09-24,318,0.11776572327044026
2017-09-25,1151,0.13162849695916595
2017-09-26,964,0.2766347510373444
2017-09-27,604,0.2461971854304636
2017-09-28,643,0.29577807153965785
2017-09-29,580,0.28992241379310346
2017-09-30,227,0.38326784140969167
2017-10-01,228,0.2952907894736842
2017-10-02,572,0.2830048951048951
2017-10-03,555,0.4849037837837838
2017-10-04,667,0.21825247376311843
2017-10-05,652,0.14420444785276074
2017-10-06,499,0.19490360721442887
2017-10-07,263,0.26890494296577944
2017-10-08,231,0.19753463203463204
2017-10-09,529,0.12114215500945179
2017-10-10,668,0.12129056886227546
2017-10-11,272,0.18258308823529412
2017-10-12,473,0.19699809725158562
2017-10-13,488,0.14476168032786885
2017-10-14,240,0.11415791666666666
2017-10-15,215,0.2163120930232558
2017-10-16,725,0.7023063448275862
2017-10-17,477,0.5089104821802934
2017-10-18,620,0.12239806451612904
2017-10-19,50,-0.3806959999999999
2017-10-20,583,0.10265728987993139
2017-10-21,73,0.17115890410958903
2017-10-22,216,0.2424125
2017-10-23,471,0.18394288747346074
2017-10-24,102,0.16286078431372547
2017-10-25,523,0.2898946462715105
2017-10-26,483,0.2629298136645963
2017-10-27,150,0.2863113333333333
2017-10-28,302,0.18650264900662253
2017-10-29,317,0.21599652996845425
2017-10-30,863,0.16699269988412516
2017-10-31,933,0.1724278670953912
2017-11-01,728,0.21828282967032966
2017-11-02,1876,0.43608827292110874
2017-11-03,1709,0.030174722059684054
2017-11-04,188,0.4223377659574468
2017-11-05,266,0.1092124060150376
2017-11-06,711,0.19615541490857946
2017-11-07,753,0.3682034528552457
2017-11-08,806,0.30019913151364763
2017-11-09,728,-0.3737266483516484
2017-11-10,606,0.21332211221122113
2017-11-11,314,0.42790350318471343
2017-11-12,267,0.5328805243445693
2017-11-13,426,0.47856784037558686
2017-11-14,629,0.48911001589825115
2017-11-15,796,0.46433944723618087
2017-11-16,760,0.19340907894736845
2017-11-17,546,0.4764034798534799
2017-11-18,306,0.3291921568627451
2017-11-19,287,0.319079094076655
2017-11-20,547,0.34600329067641683
2017-11-21,615,0.8521094308943089
2017-11-22,668,0.378887125748503
2017-11-23,244,0.5934918032786884
2017-11-24,416,0.6111081730769231
2017-11-25,330,0.23917030303030307
2017-11-26,184,0.12984565217391306
2017-11-27,478,0.2111794979079498
2017-11-28,629,-0.019264864864864863
2017-11-29,804,0.002412064676616913
2017-11-30,743,0.06896393001345895
2017-12-01,238,0.5042382352941177
2017-12-02,156,0.2638294871794872
2017-12-03,281,0.1347241992882562
2017-12-04,604,0.29322201986754964
2017-12-05,636,0.22962248427672954
2017-12-06,685,0.4009588321167883
2017-12-07,642,0.1961791277258567
2017-12-08,590,0.2818681355932203
2017-12-09,357,0.18851792717086835
2017-12-10,310,0.16784806451612902
2017-12-11,674,0.38593827893175076
2017-12-12,681,0.22943832599118943
2017-12-13,645,0.18219937984496123
2017-12-14,436,0.18899678899082567
2017-12-15,677,0.5168998522895125
2017-12-16,291,0.4668982817869416
2017-12-17,219,0.183124200913242
2017-12-18,329,1.3176045592705168
2017-12-19,850,0.23149282352941178
2017-12-20,649,0.29456656394453007
2017-12-21,812,0.2658493842364532
2017-12-22,660,0.3181619696969697
2017-12-23,317,0.3019365930599369
2017-12-24,229,0.4540427947598253
2017-12-25,265,0.11771547169811321
2017-12-26,947,-0.5177259767687434
2017-12-27,840,0.16913488095238094
2017-12-28,730,0.29714657534246575
2017-12-29,687,0.5064730713245997
2017-12-30,398,0.2676952261306533
2017-12-31,291,0.5218422680412371
2018-01-01,350,0.730136
2018-01-02,682,0.5713623167155425
2018-01-03,662,0.31063519637462234
2018-01-04,588,0.6679399659863945
2018-01-05,814,0.41403464373464377
2018-01-06,193,0.13148134715025908
2018-01-07,331,0.3487453172205438
2018-01-08,690,0.20283028985507245
2018-01-09,755,0.35342807947019866
2018-01-10,716,0.35383980446927377
2018-01-11,598,0.38219247491638797
2018-01-12,707,0.6690176803394625
2018-01-13,390,0.6213535897435898
2018-01-14,320,0.1912965625
2018-01-15,376,0.40062074468085107
2018-01-16,708,0.1667545197740113
2018-01-17,1087,0.6011276908923643
2018-01-18,990,0.5664774747474747
2018-01-19,631,-0.28271347068145797
2018-01-20,359,0.5093493036211698
2018-01-21,321,0.5918915887850467
2018-01-22,635,0.24736645669291338
2018-01-23,931,0.2718709989258861
2018-01-24,1029,0.30883809523809524
2018-01-25,1135,0.42735735682819387
2018-01-26,1121,0.6040240856378234
2018-01-27,632,0.40494319620253166
2018-01-28,481,0.5692632016632017
2018-01-29,1377,0.12839905591866377
2018-01-30,1295,0.3259320463320463
2018-01-31,1135,0.561193127753304
2018-02-01,1164,0.5233856529209622
2018-02-02,1379,0.26768564176939813
2018-02-03,498,0.4507522088353414
2018-02-04,437,0.44119176201373
2018-02-05,1229,0.24208177379983728
2018-02-06,1084,0.2645370848708487
2018-02-07,1018,0.20681925343811394
2018-02-08,875,0.3433201142857143
2018-02-09,754,0.25643766578249333
2018-02-10,333,0.19580990990990993
2018-02-11,303,-0.12151914191419147
2018-02-12,779,0.7751641848523748
2018-02-13,894,0.48674552572706936
2018-02-14,788,0.8254756345177664
2018-02-15,940,1.6963407446808512
2018-02-16,744,0.6190788978494624
2018-02-17,327,0.6627758409785933
2018-02-18,316,0.27528765822784806
2018-02-19,377,0.06203899204244031
2018-02-20,659,0.4073673748103187
2018-02-21,598,0.6187903010033444
2018-02-22,693,0.16687431457431456
2018-02-23,575,0.8930262608695652
2018-02-24,359,1.1606654596100279
2018-02-25,381,0.6726372703412072
2018-02-26,860,0.4596087209302326
2018-02-27,868,0.49960092165898623
2018-02-28,723,0.8420235131396957
2018-03-01,741,0.4516851551956815
2018-03-02,759,0.1921167325428195
2018-03-03,334,0.20865958083832337
2018-03-04,262,0.40653664122137406
2018-03-05,621,0.29712045088566824
2018-03-06,253,0.1070818181818182
2018-03-07,535,0.06888841121495329
2018-03-08,553,0.7423860759493671
2018-03-09,518,0.7328241312741314
2018-03-10,279,0.24254802867383513
2018-03-11,303,0.09635577557755778
2018-03-12,778,1.316446272493573
2018-03-13,762,0.09318845144356958
2018-03-14,594,0.07292659932659933
2018-03-15,591,0.5912984771573604
2018-03-16,541,0.09070554528650648
2018-03-17,312,0.24652307692307693
2018-03-18,237,0.23696160337552744
2018-03-19,754,0.5925492042440319
2018-03-20,708,0.5086810734463277
2018-03-21,798,0.509403007518797
2018-03-22,826,0.4788911622276029
2018-03-23,805,0.21411565217391304
2018-03-24,309,-0.016121359223300998
2018-03-25,270,0.26767222222222226
2018-03-26,713,0.9968284712482468
2018-03-27,802,0.09426184538653368
2018-03-28,890,0.6016376404494381
2018-03-29,706,0.39654008498583576
2018-03-30,435,0.30167632183908044
2018-03-31,245,0.14121428571428574
2018-04-01,259,0.5399220077220077
2018-04-02,811,0.30500135635018494
2018-04-03,737,0.4951188602442334
2018-04-04,652,0.2514467791411043
2018-04-05,283,0.6867802120141343
2018-04-06,585,0.008677777777777765
2018-04-07,292,0.9110756849315069
2018-04-08,313,0.38401725239616613
2018-04-09,538,0.3691245353159851
2018-04-10,630,0.6739568253968254
2018-04-11,600,0.653232
2018-04-12,678,0.744440412979351
2018-04-13,646,0.13595572755417956
2018-04-14,252,0.7297099206349206
2018-04-15,210,0.39753761904761903
2018-04-16,412,-0.21864805825242714
2018-04-17,217,-0.1734211981566821
2018-04-18,412,0.23039029126213592
2018-04-19,640,0.31353984375
2018-04-20,1166,0.0620377358490566
2018-04-21,288,0.20550381944444443
2018-04-22,240,0.47864708333333333
2018-04-23,670,0.24965253731343284
2018-04-24,670,0.10004089552238805
2018-04-25,669,0.3072944693572496
2018-04-26,572,0.18344895104895106
2018-04-27,643,0.2297556765163297
2018-04-28,292,0.12655102739726026
2018-04-29,251,0.2450776892430279
2018-04-30,814,0.3110159705159705
2018-05-01,2403,0.5678420307948397
2018-05-02,1810,0.4577639779005525
2018-05-03,791,0.2882653603034134
2018-05-04,1469,0.666153982300885
2018-05-05,149,0.32603422818791944
2018-05-06,378,0.31754338624338624
2018-05-07,943,0.4636170731707317
2018-05-08,646,0.18617894736842103
2018-05-09,556,0.36468723021582733
2018-05-10,812,0.2814483990147783
2018-05-11,652,0.9772605828220859
2018-05-12,307,0.42113094462540723
2018-05-13,277,0.262157761732852
2018-05-14,559,0.3704545617173524
2018-05-15,638,-0.11306912225705326
2018-05-16,551,0.4293063520871143
2018-05-17,486,0.43790308641975306
2018-05-18,437,0.4507405034324943
2018-05-19,279,0.4094247311827957
2018-05-20,237,0.3482860759493671
2018-05-21,488,0.21823934426229508
2018-05-22,491,0.42488696537678206
2018-05-23,473,0.3809427061310782
2018-05-24,569,0.4188644991212654
2018-05-25,558,0.5546648745519713
2018-05-26,289,0.30102214532871974
2018-05-27,210,0.9164152380952382
2018-05-28,266,0.3676477443609023
2018-05-29,616,0.17430470779220777
2018-05-30,537,0.40089124767225326
2018-05-31,497,0.6000726358148893
2018-06-01,616,0.6282902597402598
2018-06-02,303,0.4062382838283829
2018-06-03,261,0.5232835249042146
2018-06-04,633,0.6651222748815165
2018-06-05,875,0.44891359999999997
2018-06-06,507,0.6063609467455622
2018-06-07,569,0.20206731107205622
2018-06-08,735,0.09361183673469388
2018-06-09,216,0.09816018518518517
2018-06-10,254,0.017731496062992142
2018-06-11,507,0.2631280078895464
2018-06-12,555,0.04266270270270271
2018-06-13,537,0.40580707635009317
2018-06-14,548,0.4955122262773723
2018-06-15,590,0.13691169491525423
2018-06-16,280,0.08369678571428571
2018-06-17,274,0.644221897810219
2018-06-18,515,0.3707104854368932
2018-06-19,657,0.21611278538812784
2018-06-20,511,0.7374810176125245
2018-06-21,512,-0.07176894531250001
2018-06-22,420,0.34796809523809524
2018-06-23,281,0.13482669039145906
2018-06-24,220,0.32261181818181817
2018-06-25,542,0.20770830258302583
2018-06-26,618,0.07109417475728155
2018-06-27,515,0.28322524271844657
2018-06-28,499,0.23368456913827654
2018-06-29,414,0.2770309178743961
2018-06-30,159,0.4633496855345912
2018-07-01,198,0.13555757575757577
2018-07-02,416,-0.036811057692307685
2018-07-03,333,0.2826162162162162
2018-07-04,179,0.7777346368715083
2018-07-05,386,0.38776994818652855
2018-07-06,418,0.4133198564593301
2018-07-07,211,0.06001374407582938
2018-07-08,159,0.9492106918238994
2018-07-09,464,0.8252948275862069
2018-07-10,494,0.4276348178137652
2018-07-11,474,0.010844092827004213
2018-07-12,525,0.3772737142857143
2018-07-13,414,0.4557304347826087
2018-07-14,198,0.32252020202020204
2018-07-15,173,0.5227751445086706
2018-07-16,380,0.19639868421052634
2018-07-17,451,0.14395365853658537
2018-07-18,433,0.3479468822170901
2018-07-19,517,0.4842646034816247
2018-07-20,430,0.3421544186046511
2018-07-21,205,0.8745126829268292
2018-07-22,207,0.4046304347826087
2018-07-23,416,0.22070240384615386
2018-07-24,492,0.4249288617886179
2018-07-25,472,0.8741101694915254
2018-07-26,558,0.1063530465949821
2018-07-27,513,0.06207173489278753
2018-07-28,132,0.28447348484848484
2018-07-29,259,0.19678262548262548
2018-07-30,733,0.45959427012278314
2018-07-31,889,1.1268238470191225
2018-08-01,1647,1.052961445051609
2018-08-02,1690,1.9342632544378697
2018-08-03,1195,0.7744455230125523
2018-08-04,471,1.5199042462845012
2018-08-05,328,0.25301554878048776
2018-08-06,726,0.9685242424242424
2018-08-07,842,0.3929495249406176
2018-08-08,592,0.5279396959459459
2018-08-09,668,0.836943113772455
2018-08-10,536,0.8444604477611941
2018-08-11,266,0.31374661654135344
2018-08-12,204,0.16709705882352943
2018-08-13,506,0.3166778656126482
2018-08-14,613,0.3979861337683524
2018-08-15,689,0.4936680696661829
2018-08-16,665,0.5938016541353384
2018-08-17,938,0.12493635394456294
2018-08-18,308,0.24061623376623376
2018-08-19,254,0.25622913385826773
2018-08-20,764,0.19997787958115182
2018-08-21,714,0.7082546218487396
2018-08-22,547,0.25636617915904936
2018-08-23,540,0.703199074074074
2018-08-24,471,0.06795838641188959
2018-08-25,272,0.43144926470588235
2018-08-26,263,0.9410406844106465
2018-08-27,583,0.4782346483704974
2018-08-28,732,0.09278183060109291
2018-08-29,688,0.33511395348837214
2018-08-30,1241,0.5661414182111201
2018-08-31,844,0.5993755924170616
2018-09-01,376,0.5743992021276596
2018-09-02,270,0.979418888888889
2018-09-03,284,0.5259302816901409
2018-09-04,933,0.5309297963558414
2018-09-05,834,0.40633477218225417
2018-09-06,737,0.3288481682496608
2018-09-07,884,0.050366855203619915
2018-09-08,471,0.14808832271762212
2018-09-09,296,0.35936385135135135
2018-09-10,954,0.2886752620545074
2018-09-11,962,0.4617762993762993
2018-09-12,2071,0.6007736842105262
2018-09-13,1175,0.43097693617021277
2018-09-14,837,0.8750332138590202
2018-09-15,361,0.29960997229916897
2018-09-16,302,0.32142781456953645
2018-09-17,880,0.24954613636363634
2018-09-18,815,0.2376122699386503
2018-09-19,693,0.4846640692640693
2018-09-20,693,0.2568239538239538
2018-09-21,684,1.050977192982456
2018-09-22,309,0.16826407766990292
2018-09-23,263,0.18613346007604564
2018-09-24,636,0.3407503144654088
2018-09-25,664,0.2424468373493976
2018-09-26,594,0.5895885521885522
2018-09-27,171,0.6608309941520468
2018-09-28,606,0.19626039603960396
2018-09-29,256,0.07977578125000001
2018-09-30,220,0.5590445454545455
2018-10-01,542,0.45631346863468636
2018-10-02,724,0.4274400552486187
2018-10-03,14,0.11689285714285715
2018-10-04,771,0.20262983138780805
2018-10-05,761,0.14695229960578185
2018-10-06,251,0.2509498007968127
2018-10-07,223,1.1533838565022423
2018-10-08,419,0.6859484486873508
2018-10-09,601,0.4620153078202995
2018-10-10,729,0.36674883401920444
2018-10-11,856,0.21681682242990657
2018-10-12,602,0.2609421926910299
2018-10-13,241,0.23011576763485478
2018-10-14,189,0.36207989417989417
2018-10-15,618,0.2646699029126214
2018-10-16,628,0.447762101910828
2018-10-17,484,0.3334909090909091
2018-10-18,624,0.430856891025641
2018-10-19,627,0.1129384370015949
2018-10-20,217,0.27398894009216596
2018-10-21,197,0.2711238578680203
2018-10-22,633,0.2635067930489732
2018-10-23,768,0.23219479166666668
2018-10-24,738,0.2714880758807588
2018-10-25,707,0.09522220650636491
2018-10-26,747,0.32909236947791165
2018-10-27,314,1.0387398089171975
2018-10-28,194,0.4588494845360825
2018-10-29,1071,0.02234789915966387
2018-10-30,1148,0.019036846689895474
2018-10-31,822,0.22010474452554746
2018-11-01,1679,0.13836831447290054
2018-11-02,1762,0.2597600454029512
2018-11-03,435,0.2485381609195402
2018-11-04,317,0.3842533123028391
2018-11-05,1464,0.5874868169398907
2018-11-06,849,0.45791566548881035
2018-11-07,783,0.36855606641123884
2018-11-08,637,0.432205180533752
2018-11-09,739,0.3133552097428958
2018-11-10,218,0.8851435779816513
2018-11-11,199,0.8386391959798994
2018-11-12,1382,0.21451584659913173
2018-11-13,1264,-0.0287684335443038
2018-11-14,1538,0.2927702860858257
2018-11-15,1165,0.12132961373390559
2018-11-16,756,0.30414259259259263
2018-11-17,264,0.24700416666666664
2018-11-18,219,0.06502374429223745
2018-11-19,1225,-0.30144742857142853
2018-11-20,1416,-0.01620310734463277
2018-11-21,955,0.1361566492146597
2018-11-22,408,0.4194857843137255
2018-11-23,742,-0.014746900269541778
2018-11-24,232,0.49296853448275857
2018-11-25,289,0.11488615916955018
2018-11-26,1183,0.5806585798816568
2018-11-27,1136,0.39599947183098594
2018-11-28,997,0.7068285857572718
2018-11-29,819,0.5478945054945055
2018-11-30,704,0.49106065340909083
2018-12-01,294,-0.7234812925170065
2018-12-02,291,0.6360769759450172
2018-12-03,805,0.9593426086956524
2018-12-04,1069,0.33130514499532276
2018-12-05,448,0.02007723214285712
2018-12-06,940,-0.0998408510638298
2018-12-07,1050,0.19612142857142859
2018-12-08,372,-0.3090913978494623
2018-12-09,232,-0.04798362068965513
2018-12-10,1478,0.07382070365358591
2018-12-11,1035,0.18810821256038648
2018-12-12,771,0.7149907911802854
2018-12-13,1009,0.37468840436075324
2018-12-14,953,0.004406715634837357
2018-12-15,333,0.40830420420420427
2018-12-16,338,1.0780582840236685
2018-12-17,891,0.22956273849607184
2018-12-18,813,0.8599136531365313
2018-12-19,852,0.4420767605633803
2018-12-20,1017,-0.12481238938053098
2018-12-21,1015,0.7126401970443349
2018-12-22,335,0.30456358208955225
2018-12-23,251,0.39859003984063746
2018-12-24,584,0.6907453767123288
2018-12-25,231,0.028958874458874448
2018-12-26,426,1.1372826291079812
2018-12-27,270,0.1102711111111111
2018-12-28,529,0.6262272211720227
2018-12-29,223,-0.48322421524663667
2018-12-30,204,1.0867401960784313
2018-12-31,517,0.37508278529980665
2019-01-01,249,1.289248995983936
2019-01-02,1734,-0.33029181084198384
2019-01-03,4943,-0.23613692089823987
2019-01-04,1682,-0.11901206896551719
2019-01-05,535,0.3502749532710281
2019-01-06,495,0.47447515151515157
2019-01-07,1070,0.22749990654205607
2019-01-08,1046,0.37400917782026766
2019-01-09,1238,0.41512366720516963
2019-01-10,797,0.577366373902133
2019-01-11,792,0.5382527777777778
2019-01-12,330,0.9104757575757576
2019-01-13,291,1.010768384879725
2019-01-14,671,-0.014113859910581238
2019-01-15,882,0.05321530612244896
2019-01-16,831,0.5125707581227437
2019-01-17,846,0.4406549645390071
2019-01-18,800,1.091320625
2019-01-19,392,0.42366989795918364
2019-01-20,347,0.12536455331412105
2019-01-21,377,0.32871671087533155
2019-01-22,815,-0.5613186503067485
2019-01-23,734,0.38726730245231605
2019-01-24,837,0.2712777777777778
2019-01-25,752,0.14722646276595744
2019-01-26,426,0.47620211267605633
2019-01-27,396,0.2992588383838384
2019-01-28,956,-0.12455135983263595
2019-01-29,1636,0.7445772004889976
2019-01-30,2087,0.4108404887398179
2019-01-31,1015,0.5061154679802955
2019-02-01,746,0.22566501340482575
2019-02-02,385,0.2343594805194805
2019-02-03,336,0.43450148809523814
2019-02-04,775,0.5779719999999999
2019-02-05,1046,0.27646806883365205
2019-02-06,815,0.45046478527607364
2019-02-07,743,0.2758915208613728
2019-02-08,647,0.43929443585780525
2019-02-09,381,0.3300695538057743
2019-02-10,317,1.7117223974763407
2019-02-11,645,0.3103680620155039
2019-02-12,766,0.3624582245430809
2019-02-13,728,0.543898901098901
2019-02-14,781,0.26953111395646606
2019-02-15,683,0.6745058565153733
2019-02-16,343,0.6045268221574344
2019-02-17,298,0.36054362416107383
2019-02-18,426,0.10787699530516433
2019-02-19,655,0.35007954198473284
2019-02-20,713,0.24206619915848532
2019-02-21,786,-0.004767302798982195
2019-02-22,542,0.2530389298892989
2019-02-23,379,0.2849263852242744
2019-02-24,422,0.5169381516587678
2019-02-25,838,0.5331211217183771
2019-02-26,761,0.4170057818659659
2019-02-27,685,0.6835392700729928
2019-02-28,771,0.22950051880674446
2019-03-01,287,0.18269965156794427
2019-03-02,342,1.1360894736842104
2019-03-03,362,0.3341911602209945
2019-03-04,752,0.7253872340425531
2019-03-05,685,0.25663328467153285
2019-03-06,749,0.22557610146862483
2019-03-07,719,0.2598994436717663
2019-03-08,711,0.38224444444444444
2019-03-09,338,-0.036956508875739556
2019-03-10,317,0.34122776025236595
2019-03-11,992,0.45243024193548387
2019-03-12,1074,0.7020797020484171
2019-03-13,901,0.488496115427303
2019-03-14,1018,0.41819577603143415
2019-03-15,972,0.5875042181069958
2019-03-16,371,0.8927296495956873
2019-03-17,338,0.507339349112426
2019-03-18,764,0.6377269633507853
2019-03-19,820,0.4825757317073171
2019-03-20,695,0.5845674820143885
2019-03-21,1436,0.5812922005571031
2019-03-22,919,0.8551410228509249
2019-03-23,356,0.6122890449438203
2019-03-24,386,0.7958531088082902
2019-03-25,1035,0.49637613526570046
2019-03-26,1626,0.37239274292742924
2019-03-27,934,0.5079896145610279
2019-03-28,793,0.45901147540983606
2019-03-29,705,0.3373607092198581
2019-03-30,325,0.946804
2019-03-31,379,0.3916551451187335
2019-04-01,744,0.13916061827956988
2019-04-02,796,0.6027031407035176
2019-04-03,818,1.2447876528117359
2019-04-04,816,1.0930165441176471
2019-04-05,816,0.4907825980392157
2019-04-06,283,0.5623049469964664
2019-04-07,296,1.207293918918919
2019-04-08,948,0.8122268987341772
2019-04-09,1016,0.44968937007874016
2019-04-10,863,0.5662789107763616
2019-04-11,692,1.0144489884393064
2019-04-12,784,0.9085107142857142
2019-04-13,309,0.5832284789644013
2019-04-14,295,0.5943572881355932
2019-04-15,632,0.5167142405063291
2019-04-16,336,0.7974803571428571
2019-04-17,1104,0.5059096014492753
2019-04-18,701,0.8640888730385164
2019-04-19,294,0.789191156462585
2019-04-20,227,0.727022026431718
2019-04-21,239,0.7970891213389122
2019-04-22,678,0.6278619469026548
2019-04-23,797,1.649953199498118
2019-04-24,738,0.7110239837398373
2019-04-25,719,0.6859283727399166
2019-04-26,585,0.8146355555555556
2019-04-27,271,0.37441365313653135
2019-04-28,357,0.39475994397759107
2019-04-29,501,0.8879213572854292
2019-04-30,2223,0.9617996401259559
2019-05-01,2106,0.9217804843304843
2019-05-02,1152,0.8839572048611112
2019-05-03,802,0.9335619700748129
2019-05-04,362,1.1557560773480662
2019-05-05,393,1.127885496183206
2019-05-06,915,0.61599912568306
2019-05-07,943,0.8413503711558854
2019-05-08,817,0.9334895960832312
2019-05-09,936,0.6910897435897436
2019-05-10,987,0.9474001013171226
2019-05-11,326,0.3820021472392638
2019-05-12,344,0.6337511627906977
2019-05-13,1228,0.420703990228013
2019-05-14,1134,0.4873253968253968
2019-05-15,874,0.5431512585812357
2019-05-16,890,0.2984311235955056
2019-05-17,834,0.5609679856115108
2019-05-18,300,0.6021003333333333
2019-05-19,379,0.4647266490765171
2019-05-20,854,0.41533009367681495
2019-05-21,743,1.0124123822341857
2019-05-22,968,0.025181198347107428
2019-05-23,1030,0.22897951456310678
2019-05-24,743,0.5939078061911172
2019-05-25,332,0.4916996987951808
2019-05-26,163,-0.09060674846625777
2019-05-27,342,0.5510175438596492
2019-05-28,816,0.22940686274509803
2019-05-29,726,0.4410055096418733
2019-05-30,671,0.5331520119225037
2019-05-31,645,0.3317458914728682
2019-06-01,243,0.277698353909465
2019-06-02,235,0.5116021276595745
2019-06-03,668,0.09756736526946107
2019-06-04,865,0.2969742196531792
2019-06-05,759,0.5004162055335969
2019-06-06,626,0.39115686900958463
2019-06-07,113,0.5563469026548672
2019-06-08,268,0.5657361940298508
2019-06-09,257,0.9224618677042802
2019-06-10,548,0.40751770072992705
2019-06-11,540,0.3074224074074074
2019-06-12,475,0.2854690526315789
2019-06-13,531,0.39962580037664786
2019-06-14,480,0.22327750000000002
2019-06-15,191,0.47322670157068064
2019-06-16,161,0.24629751552795032
2019-06-17,510,0.17402627450980393
2019-06-18,104,1.178639423076923
2019-06-19,642,0.20213971962616822
2019-06-20,602,0.3455735880398671
2019-06-21,444,0.4707527027027027
2019-06-22,187,0.3599534759358289
2019-06-23,219,0.2335077625570776
2019-06-24,427,0.23012365339578453
2019-06-25,550,0.10722672727272729
2019-06-26,602,0.12214435215946842
2019-06-27,679,0.3487731958762887
2019-06-28,653,0.4288226646248086
2019-06-29,210,0.22945238095238096
2019-06-30,208,0.7244254807692307
2019-07-01,599,0.3362380634390651
2019-07-02,470,0.500656170212766
2019-07-03,414,0.20500676328502415
2019-07-04,233,0.19994163090128755
2019-07-05,356,0.4457286516853932
2019-07-06,141,0.5849113475177304
2019-07-07,223,0.5507233183856503
2019-07-08,683,0.24514816983894586
2019-07-09,655,0.27160946564885496
2019-07-10,458,0.5744735807860262
2019-07-11,458,0.32145262008733627
2019-07-12,369,0.428789701897019
2019-07-13,172,0.8973319767441861
2019-07-14,147,2.674612244897959
2019-07-15,409,0.3460149144254279
2019-07-16,194,0.26957783505154637
2019-07-17,427,0.6526967213114754
2019-07-18,576,0.42012725694444447
2019-07-19,342,0.21187456140350877
2019-07-20,141,0.09871276595744681
2019-07-21,124,1.0493701612903226
2019-07-22,573,0.25452670157068064
2019-07-23,723,0.4057710926694329
2019-07-24,460,-0.4678858695652174
2019-07-25,624,0.651668108974359
2019-07-26,516,0.24601162790697673
2019-07-27,228,0.7620425438596491
2019-07-28,227,1.1079392070484582
2019-07-29,134,0.45844701492537315
2019-07-30,1699,0.7297821071218364
2019-07-31,814,0.534204914004914
2019-08-01,867,0.22361095732410607
2019-08-02,708,0.4885233050847458
2019-08-03,254,0.4741232283464567
2019-08-04,200,0.7121559999999999
2019-08-05,759,0.2551108036890645
2019-08-06,651,-0.14648003072196616
2019-08-07,527,0.44781024667931685
2019-08-08,535,0.5107018691588785
2019-08-09,442,0.4236266968325792
2019-08-10,162,0.42185123456790125
2019-08-11,192,4.035154166666667
2019-08-12,326,0.5386840490797546
2019-08-13,746,0.4675386058981233
2019-08-14,596,0.3630427852348993
2019-08-15,300,0.4156586666666667
2019-08-16,555,0.30456234234234236
2019-08-17,210,0.4649676190476191
2019-08-18,228,0.632246052631579
2019-08-19,781,0.12360883482714469
2019-08-20,951,0.2677511041009464
2019-08-21,744,0.3340025537634409
2019-08-22,722,0.16737022160664822
2019-08-23,849,0.046778563015312136
2019-08-24,264,0.6780662878787879
2019-08-25,251,-0.07743306772908366
2019-08-26,735,0.07339292517006803
2019-08-27,617,0.12698314424635332
2019-08-28,630,0.20172349206349208
2019-08-29,785,0.29160458598726113
2019-08-30,644,1.0662097826086956
2019-08-31,196,0.5653025510204082
2019-09-01,205,0.4222912195121951
2019-09-02,293,0.3740778156996587
2019-09-03,758,0.2110117414248021
2019-09-04,751,0.4852520639147803
2019-09-05,868,0.3334685483870968
2019-09-06,124,0.3623346774193548
2019-09-07,316,0.275098417721519
2019-09-08,209,0.2893114832535885
2019-09-09,757,0.1790199471598415
2019-09-10,1547,0.3610881706528765
2019-09-11,1377,0.3662472766884532
2019-09-12,851,0.3926180963572268
2019-09-13,1077,0.30426657381615596
2019-09-14,304,0.5734723684210526
2019-09-15,240,0.6541083333333333
2019-09-16,436,0.6622233944954128
2019-09-17,527,0.9023664136622392
2019-09-18,577,0.21015909878682842
2019-09-19,618,0.38376666666666664
2019-09-20,690,1.169946376811594
2019-09-21,212,1.6045108490566038
2019-09-22,199,0.39786934673366836
2019-09-23,484,0.38536652892561984
2019-09-24,662,-0.1354252265861028
2019-09-25,493,0.37724320486815416
2019-09-26,534,0.4023441947565543
2019-09-27,474,0.16855443037974685
2019-09-28,189,0.2953026455026455
2019-09-29,163,0.08859141104294477
2019-09-30,744,0.4474897849462366
2019-10-01,806,0.33515942928039705
2019-10-02,547,0.5227950639853748
2019-10-03,583,0.5057960548885078
2019-10-04,862,0.5327370069605569
2019-10-05,220,0.3564409090909091
2019-10-06,176,0.28090284090909096
2019-10-07,775,0.33326232258064514
2019-10-08,704,0.2585599431818182
2019-10-09,603,0.48009751243781096
2019-10-10,849,0.5051381625441697
2019-10-11,961,0.7115229968782518
2019-10-12,269,0.40321635687732343
2019-10-13,199,0.7334688442211056
2019-10-14,595,0.30292957983193275
2019-10-15,671,0.3271157973174367
2019-10-16,525,0.3977300952380952
2019-10-17,551,0.2825969147005445
2019-10-18,546,0.7512126373626373
2019-10-19,90,1.2391266666666667
2019-10-20,174,0.24000977011494257
2019-10-21,788,0.24218362944162436
2019-10-22,780,0.41627807692307695
2019-10-23,685,0.6125899270072993
2019-10-24,618,0.5574758899676375
2019-10-25,651,0.6121976958525345
2019-10-26,262,0.5016835877862595
2019-10-27,236,0.5921974576271186
2019-10-28,910,0.40638186813186816
2019-10-29,101,1.2567178217821782
2019-10-30,1512,1.0966572751322752
2019-10-31,1015,0.8989291625615763
2019-11-01,808,0.6781339108910891
2019-11-02,285,-0.05627333333333337
2019-11-03,242,0.2417710743801653
2019-11-04,547,0.4746561243144425
2019-11-05,534,0.335089138576779
2019-11-06,436,0.6612428899082569
2019-11-07,642,0.37451931464174454
2019-11-08,499,0.9004953907815632
2019-11-09,204,1.2881892156862744
2019-11-10,224,0.6824116071428571
2019-11-11,511,0.4766880626223092
2019-11-12,581,0.5699552495697074
2019-11-13,749,0.3128008010680908
2019-11-14,725,0.2030964137931035
2019-11-15,640,0.8181746875
2019-11-16,174,0.7626298850574712
2019-11-17,203,0.5228832512315271
2019-11-18,361,0.5231393351800554
2019-11-19,553,0.5113419529837252
2019-11-20,713,0.4647314165497896
2019-11-21,566,0.7985879858657243
2019-11-22,78,0.15617948717948726
2019-11-23,151,0.4087920529801325
2019-11-24,211,0.5657644549763033
2019-11-25,414,1.2946676328502418
2019-11-26,451,0.4597394678492239
2019-11-27,419,0.3815219570405728
2019-11-28,226,0.6671951327433628
2019-11-29,266,1.193913909774436
2019-11-30,140,1.0765407142857142
2019-12-01,178,0.8749780898876404
2019-12-02,510,0.8567894117647059
2019-12-03,555,0.3909
2019-12-04,440,0.6387956818181817
2019-12-05,430,0.240866511627907
2019-12-06,661,0.9191066565809379
2019-12-07,202,1.697631683168317
2019-12-08,149,-1.1732255033557044
2019-12-09,600,0.4690166666666667
2019-12-10,592,0.2938614864864865
2019-12-11,46,-0.06103478260869568
2019-12-12,781,0.7771724711907811
2019-12-13,634,1.5951982649842271
2019-12-14,230,1.4014147826086956
2019-12-15,188,1.4502005319148936
2019-12-16,717,0.5819465829846583
2019-12-17,490,0.23651755102040817
2019-12-18,663,0.2658883861236802
2019-12-19,491,1.1821661914460284
2019-12-20,445,1.2319519101123597
2019-12-21,186,0.9290693548387098
2019-12-22,190,2.4114484210526315
2019-12-23,595,0.3205551260504202
2019-12-24,352,0.6089130681818182
2019-12-25,142,4.520992253521127
2019-12-26,691,0.6363503617945007
2019-12-27,381,0.37690892388451447
2019-12-28,210,0.7137785714285714
2019-12-29,190,1.5971331578947368
2019-12-30,732,1.5791468579234973
2019-12-31,683,0.6365247437774524
